College,Degree,MajorCode,MajorName,NonResidentAlienMale,NonResidentAlienFemale,HispanicMale,HIspanicFemale,AmericanIndianMale,AmericanIndianFemale,AsianMale,AsianFemale,BlackMale,BlackFemale,NativeHawaiianMale,NativeHawaiianFemale,WhiteMale,WhiteFemale,TwoRacesMale,TwoRacesFemale,UnknownMale,UnknownFemale,TotalCollege of Agri Sci and Natl Resources,B1BC,BIOC,Biochemistry,3,3,1,3,0,0,4,5,1,1,0,0,34,37,1,2,1,1,97College of Agri Sci and Natl Resources,B1AS,ASCI,Animal Science,0,3,6,10,0,0,0,2,0,1,0,1,94,216,0,3,1,1,338College of Agri Sci and Natl Resources,B1FW,FWL,Fisheries and Wildlife,0,0,4,8,0,0,0,0,1,0,0,0,91,77,1,6,2,1,191College of Agri Sci and Natl Resources,B1AP,APSC,Applied Science,1,0,2,1,0,0,0,0,1,0,0,0,50,14,1,0,0,1,71College of Agri Sci and Natl Resources,B1HO,HORT,Horticulture,1,0,1,1,0,0,0,1,0,0,0,0,21,26,0,0,0,1,52College of Agri Sci and Natl Resources,B1ED,AEDU,Agricultural Education,0,1,0,0,0,0,0,0,0,1,0,0,23,75,0,1,0,2,103College of Agri Sci and Natl Resources,B1VS,VBMS,Veterinary Science,0,0,0,2,0,0,0,0,1,1,0,0,9,44,0,2,0,2,61College of Agri Sci and Natl Resources,B1AB,ABUS,Agribusiness,3,1,2,3,0,0,0,0,0,0,0,0,168,62,1,0,1,0,241College of Agri Sci and Natl Resources,B1AE,AECN,Agricultural Economics,3,1,1,1,0,0,0,0,0,0,0,0,100,20,3,1,2,0,132College of Agri Sci and Natl Resources,B1AG,AGRO,Agronomy,3,4,0,2,0,0,0,0,0,0,1,0,161,17,0,1,2,0,191College of Agri Sci and Natl Resources,B1PM,PGAM,PGA Golf Management,3,0,4,0,2,0,0,0,0,0,0,0,73,4,2,0,2,0,90College of Agri Sci and Natl Resources,B1TL,TLMT,Turfgrass and Landscape Mngt,1,1,0,0,0,0,0,0,0,0,0,0,26,1,0,0,2,0,31College of Agri Sci and Natl Resources,B1WS,WATR,Water Science,3,0,1,0,0,0,0,0,0,0,0,0,8,3,0,0,2,0,17College of Agri Sci and Natl Resources,B1MS,MSYM,Mechanized Systems Management,1,0,1,0,0,0,0,0,0,0,0,0,93,3,2,0,3,0,103College of Agri Sci and Natl Resources,B1MB,MBIO,Microbiology,1,3,0,0,0,0,0,0,0,0,0,0,17,16,0,1,0,0,38College of Agri Sci and Natl Resources,B1ES,ENVR,Environmental Studies,1,1,1,2,2,1,0,0,1,0,0,0,29,29,0,1,0,0,68College of Agri Sci and Natl Resources,B1FS,FDST,Food Science and Technology,6,12,1,0,0,0,1,3,0,2,0,0,13,31,0,1,0,0,70College of Agri Sci and Natl Resources,B1FO,FORS,Forensic Science,2,0,0,11,0,0,3,2,1,3,0,0,29,75,1,2,0,0,129College of Agri Sci and Natl Resources,DVM,VMED,Veterinary Medicine,0,0,0,0,0,0,1,0,0,0,0,0,16,31,0,2,0,0,50College of Agri Sci and Natl Resources,NDEG,PVET,Pre-Veterinary Medicine,0,0,1,5,1,0,1,0,0,2,0,0,10,62,0,6,0,0,88College of Agri Sci and Natl Resources,NDEG,PAGS,Pre-Agricultural Sci (Omaha),0,0,0,0,0,0,0,0,1,0,0,0,2,1,1,0,0,0,5College of Agri Sci and Natl Resources,B1PB,PBIO,Plant Biology,0,0,0,0,0,0,0,0,0,0,0,0,10,5,2,0,0,0,17College of Agri Sci and Natl Resources,NDEG,PHRT,Pre-Horticulture (Omaha),0,0,0,0,0,0,0,0,0,0,0,0,1,1,0,0,0,0,2College of Agri Sci and Natl Resources,B1GE,GECM,Grassland Ecology & Management,0,0,0,0,0,0,0,0,0,0,0,0,4,1,0,0,0,0,5College of Agri Sci and Natl Resources,B1FC,FTCA,Food Tech for Companion Animal,0,0,0,0,0,0,0,0,0,0,0,0,1,2,0,0,0,0,3College of Agri Sci and Natl Resources,NDEG,EXPS,General - CASNR,0,0,0,0,0,0,0,0,0,0,0,0,2,2,0,0,0,0,4College of Agri Sci and Natl Resources,DPLH,DPHP,Plant Health,0,0,1,0,0,0,0,0,0,0,0,0,4,2,0,0,0,0,7College of Agri Sci and Natl Resources,B1AJ,AJRN,Agricultural Journalism,0,0,0,0,0,0,0,0,0,0,0,0,0,2,0,0,0,0,2College of Agri Sci and Natl Resources,B1VT,VETH,Veterinary Technology,0,0,0,0,0,0,0,0,0,0,0,0,2,4,0,0,0,0,6College of Agri Sci and Natl Resources,B1GL,GRLS,Grazing Livestock Systems,0,0,0,0,0,0,0,0,0,0,0,0,9,4,0,0,0,0,13College of Agri Sci and Natl Resources,B1IS,INSC,Insect Science,1,0,0,1,0,0,0,0,0,0,0,0,9,5,0,0,0,0,16College of Agri Sci and Natl Resources,B1ER,ENRS,Environmental Restoration Sci,1,0,0,1,0,0,0,0,0,0,0,0,7,6,0,0,0,0,15College of Agri Sci and Natl Resources,B1NE,NREE,Natural Res & Environ Economic,0,1,1,0,0,0,0,0,0,0,0,0,7,6,0,0,0,0,15College of Agri Sci and Natl Resources,BAHR,HRTA,HRTM-(Ecotourism/Parks &Recreation Options Only),0,1,1,2,0,0,1,1,1,0,0,0,3,26,0,0,0,0,36College of Agri Sci and Natl Resources,B1SC,AESC,Agricultural & Env Sci Comm,2,0,0,0,0,0,0,1,0,0,0,0,3,26,0,0,0,0,32College of Agri Sci and Natl Resources,B1AC,APCS,Applied Climate Science,0,0,0,0,0,0,0,0,0,0,0,0,1,0,0,0,0,0,1College of Agri Sci and Natl Resources,NDEG,PNAR,Pre-Natural Resources (Omaha),0,0,0,0,0,0,0,0,0,0,0,0,1,0,0,0,0,0,1College of Agri Sci and Natl Resources,B1IN,ITSC,Integrated Science,30,26,0,0,0,0,0,0,0,0,0,0,0,0,0,0,0,0,56College of Architecture,BSD,IDES,Interior Design,0,2,0,2,0,0,0,1,0,1,0,1,5,53,0,5,1,1,72College of Architecture,MARC,ARCH,Architecture,4,2,3,1,0,0,1,2,1,1,0,0,43,19,0,2,3,1,83College of Architecture,BLA,LAND,Landscape Architecture,0,2,0,0,0,0,0,0,0,1,0,0,10,5,1,0,0,1,20College of Architecture,NDEG,PDSG,Pre-Interior Design (Omaha),0,0,0,0,0,0,0,0,0,0,0,0,1,3,0,0,0,1,5College of Architecture,NDEG,PARC,Pre-Architecture,5,4,7,3,0,0,1,1,0,2,0,0,45,30,1,1,1,2,103College of Architecture,BSD,ARCS,Architectural Studies,9,2,14,4,1,0,2,2,2,1,0,0,59,42,1,1,2,0,142College of Architecture,NDEG,PLAR,Pre-Landscape Architecture,0,0,0,0,0,0,0,0,1,0,0,0,5,3,0,0,0,0,9College of Architecture,NDEG,PARC,Pre-Architecture (Omaha),0,0,1,0,0,0,0,0,0,0,0,0,3,4,0,0,0,0,8College of Architecture,NDEG,PINT,Pre-Interior Design,0,1,0,0,0,0,0,0,1,0,0,0,0,26,0,0,0,0,28College of Arts and Sciences,BA,HIST,History,2,2,4,2,0,0,1,0,0,1,0,1,80,43,2,1,1,1,141College of Arts and Sciences,BS,MATH,Mathematics,30,12,7,2,0,0,4,1,2,1,0,0,53,36,3,2,1,1,155College of Arts and Sciences,BA,SPAN,Spanish,0,0,5,16,0,0,0,0,0,2,0,0,14,38,1,0,1,1,78College of Arts and Sciences,BA,GLST,Global Studies,2,2,5,13,0,0,1,3,1,6,0,0,22,81,2,5,2,1,146College of Arts and Sciences,BS,PHYS,Physics,10,0,4,1,0,0,2,0,0,0,0,0,61,7,5,0,2,1,93College of Arts and Sciences,BS,CHEM,Chemistry,3,7,2,0,0,0,1,4,0,3,0,0,43,29,2,2,3,1,100College of Arts and Sciences,BA,POLS,Political Science,5,3,11,11,0,0,0,2,4,8,0,1,99,70,5,6,3,1,229College of Arts and Sciences,BA,AENVR,Environmental Studies,1,0,0,1,0,0,0,0,0,0,0,0,2,7,0,1,0,1,13College of Arts and Sciences,BA,FILM,Film Studies,0,1,3,1,0,0,0,0,0,1,0,0,11,11,0,3,0,1,32College of Arts and Sciences,BA,GEOG,Geography,3,0,0,1,0,0,0,0,0,0,0,0,13,3,0,0,0,1,21College of Arts and Sciences,BA,GPSP,Great Plains Studies Program,0,0,0,0,0,0,0,0,0,0,0,0,1,0,0,0,0,1,2College of Arts and Sciences,BS,COMP,Computer Science,97,18,16,5,0,0,22,8,12,2,0,0,261,34,13,1,9,2,500College of Arts and Sciences,BA,ENGL,English,0,4,0,6,0,1,1,6,0,3,0,0,48,130,2,1,0,2,204College of Arts and Sciences,BS,BIOS,Biological Sciences,12,15,14,29,0,0,8,20,9,10,0,1,194,260,4,12,1,5,594College of Arts and Sciences,BA,PSYC,Psychology,6,28,19,55,1,4,5,9,16,25,1,1,123,436,5,22,2,11,769College of Arts and Sciences,BA,SOCI,Sociology,0,0,3,11,0,0,2,3,7,4,0,0,14,37,2,2,1,0,86College of Arts and Sciences,BS,MBIO,Microbiology,1,1,2,1,0,0,1,2,2,1,0,0,9,18,0,2,1,0,41College of Arts and Sciences,BA,ANTH,Anthropology,0,0,2,5,0,1,0,1,0,1,0,0,10,28,0,4,1,0,53College of Arts and Sciences,BA,AECON, Economics,15,7,2,1,0,0,0,1,3,0,1,0,28,8,3,0,1,0,70College of Arts and Sciences,BA,CLRS,Classics and Religious Studies,1,0,0,0,0,0,1,1,1,0,0,0,9,9,0,0,1,0,23College of Arts and Sciences,BA,GEOL,Geology,0,0,0,0,0,0,0,0,0,0,0,0,0,0,0,0,1,0,1College of Arts and Sciences,BS,ABIOC,Biochemistry,5,12,4,4,0,0,5,20,0,3,1,0,56,54,4,1,2,0,171College of Arts and Sciences,BA,CHEM,Chemistry,0,1,1,0,0,0,0,1,0,0,0,0,11,8,1,1,0,0,24College of Arts and Sciences,BS,AACTS,Actuarial Science,28,18,2,2,0,0,0,0,0,1,0,0,23,9,1,1,0,0,85College of Arts and Sciences,BA,BIOS,Biological Sciences,0,0,0,1,0,0,0,0,0,0,0,0,0,3,0,1,0,0,5College of Arts and Sciences,BA,SLPA,Speech-Language Path & Audio,0,0,0,1,0,0,0,1,0,1,0,0,1,6,0,1,0,0,11College of Arts and Sciences,BS,GEOL,Geology,7,4,3,0,0,0,0,0,0,1,0,0,26,10,0,1,0,0,52College of Arts and Sciences,BA,WGST,Women's & Gender Studies,0,0,0,0,0,0,0,0,0,1,0,0,2,13,0,2,0,0,18College of Arts and Sciences,BA,COMM,Communication Studies,5,7,3,6,0,0,3,0,11,7,0,0,42,57,4,5,0,0,150College of Arts and Sciences,BS,PSYC,Psychology,0,3,1,1,0,0,1,7,1,2,0,0,29,59,0,5,0,0,109College of Arts and Sciences,BS,PBIO,Plant Biology,0,0,0,0,0,0,0,0,0,1,0,0,2,1,1,0,0,0,5College of Arts and Sciences,BS,ENGL,English,0,0,0,0,0,0,0,0,0,0,0,0,2,1,1,0,0,0,4College of Arts and Sciences,BS,METR,Meteorology-Climatology,1,0,0,1,1,1,0,0,2,0,0,0,25,18,1,0,0,0,50College of Arts and Sciences,BS,GERM,German,0,0,0,0,0,0,0,0,0,0,0,0,1,1,0,0,0,0,2College of Arts and Sciences,BA,COMP,Computer Science,3,0,0,0,0,0,0,0,0,0,0,0,2,1,0,0,0,0,6College of Arts and Sciences,BA,AACTS,Actuarial Science,2,1,0,0,0,0,0,0,0,0,0,0,3,1,0,0,0,0,7College of Arts and Sciences,BA,CLNG,Classical Languages,0,0,0,0,0,0,0,0,0,0,0,0,3,1,0,0,0,0,4College of Arts and Sciences,BS,AECON, Economics,3,0,0,1,0,0,0,0,0,0,0,0,6,1,0,0,0,0,11College of Arts and Sciences,BS,ETHN,Ethnic Studies,0,0,0,0,0,0,0,0,0,0,0,0,0,1,0,0,0,0,1College of Arts and Sciences,BS,IPST,Individualized Prog of Studies,0,0,0,0,0,0,0,0,0,0,0,0,0,1,0,0,0,0,1College of Arts and Sciences,BS,SLPA,Speech-Language Path & Audio,0,0,0,0,0,0,0,0,0,0,0,0,0,1,0,0,0,0,1College of Arts and Sciences,BA,ETHN,Ethnic Studies,0,0,0,2,0,0,0,0,3,4,0,0,2,2,0,0,0,0,13College of Arts and Sciences,BA,RUSS,Russian,0,0,0,1,0,0,0,0,1,0,0,0,2,2,0,0,0,0,6College of Arts and Sciences,BS,GEOG,Geography,0,0,0,0,0,0,0,1,0,0,0,0,3,2,0,0,0,0,6College of Arts and Sciences,BS,AENVR,Environmental Studies,0,0,0,0,0,0,0,0,0,0,0,0,3,2,0,0,0,0,5College of Arts and Sciences,BA,PHIL,Philosophy,0,0,0,0,0,0,0,0,1,1,0,0,9,2,0,0,0,0,13College of Arts and Sciences,BS,SOCI,Sociology,0,0,0,0,0,0,0,1,0,0,0,0,1,3,0,0,0,0,5College of Arts and Sciences,NDEG,UNDL,Undeclared - Undergraduate,1,0,0,0,0,0,0,0,0,0,0,0,1,3,0,0,0,0,5College of Arts and Sciences,BA,MATH,Mathematics,1,3,0,0,0,0,1,1,0,0,0,0,5,3,0,0,0,0,14College of Arts and Sciences,BA,MRST,Medieval & Renaissance Studies,0,0,0,0,0,0,0,0,0,0,0,0,0,3,0,0,0,0,3College of Arts and Sciences,BS,SPAN,Spanish,0,0,0,0,0,0,0,0,0,0,0,0,1,4,0,0,0,0,5College of Arts and Sciences,BA,GERM,German,0,0,2,0,0,0,0,0,1,0,0,0,5,4,0,0,0,0,12College of Arts and Sciences,BS,ANTH,Anthropology,0,0,0,1,0,0,0,0,0,0,0,0,2,7,0,0,0,0,10College of Arts and Sciences,BA,FREN,French,1,0,0,0,0,0,0,0,0,0,0,0,2,9,0,0,0,0,12College of Arts and Sciences,BS,CLRS,Classics and Religious Studies,0,0,0,0,0,0,1,0,0,0,0,0,1,0,0,0,0,0,2College of Arts and Sciences,BS,COMM,Communication Studies,0,0,0,0,0,0,0,0,0,0,0,0,1,0,0,0,0,0,1College of Arts and Sciences,BA,LAMS,Latin American Studies,0,0,0,0,0,0,0,0,0,0,0,0,1,0,0,0,0,0,1College of Arts and Sciences,BS,MRST,Medieval & Renaissance Studies,0,0,0,0,0,0,0,0,0,0,0,0,1,0,0,0,0,0,1College of Arts and Sciences,BS,PHIL,Philosophy,0,0,0,0,0,0,0,0,0,0,0,0,1,0,0,0,0,0,1College of Arts and Sciences,BA,PHYS,Physics,0,0,0,0,0,0,0,0,0,0,0,0,1,0,0,0,0,0,1College of Arts and Sciences,BS,GLST,Global Studies,1,0,0,0,0,0,1,1,0,0,0,0,2,0,0,0,0,0,5College of Arts and Sciences,BS,POLS,Political Science,0,0,3,0,1,0,0,0,1,0,0,0,4,0,0,0,0,0,9College of Arts and Sciences,BS,HIST,History,0,0,0,0,0,0,0,0,0,0,0,0,4,0,0,0,0,0,4College of Business Administration,BSBA,SCMS,Supply Chain Management,13,7,2,0,1,0,5,1,2,0,0,0,57,21,1,1,1,1,113College of Business Administration,BSBA,ACTS,Actuarial Science,45,27,4,2,0,0,3,5,0,0,0,0,123,45,5,1,1,1,262College of Business Administration,BSBA,ECON,Economics,18,13,5,3,0,0,0,0,3,2,0,0,83,31,3,0,1,1,163College of Business Administration,BSBA,MNGT,Management,19,13,9,6,1,0,8,4,4,3,0,0,143,89,4,4,3,1,311College of Business Administration,BSBA,JEAS,Actuarial Science (Raikes progam only),0,0,0,0,0,0,1,0,0,0,0,0,4,4,1,0,0,1,11College of Business Administration,BSBA,MRKT,Marketing,24,19,9,9,0,1,10,7,9,9,0,1,226,163,9,9,3,2,510College of Business Administration,BSBA,FINA,Finance,104,76,11,4,1,0,3,5,6,0,0,0,290,39,3,4,4,2,552College of Business Administration,BSBA,ACCG,Accounting,31,47,15,17,0,0,6,12,4,5,0,0,270,140,4,5,2,4,562College of Business Administration,BSBA,MNHR,Mngt - Human Res Mngt,3,3,0,3,0,0,0,1,2,1,0,0,12,18,0,2,1,0,46College of Business Administration,BSBA,BSAD,Business Administration,44,27,45,16,0,0,10,9,20,6,0,0,487,241,22,5,6,0,938College of Business Administration,BSBA,MNEI,Mngt - Entrepren & Innov,3,1,0,1,0,0,3,1,0,1,0,0,21,14,2,1,0,0,48College of Business Administration,BSBA,IBUS,International Business,14,10,5,6,0,0,0,3,2,1,0,0,20,40,3,2,0,0,106College of Business Administration,BSBA,FINR,Finance - Risk Mngt/Insurance,0,0,0,0,0,0,0,0,0,0,0,0,1,1,0,0,0,0,2College of Business Administration,BSBA,FINI,Finance - CFA Investments,5,0,0,0,0,0,0,0,0,0,0,0,6,1,0,0,0,0,12College of Business Administration,BSBA,JEBA,Business Administration(Raikes progam only),0,0,0,0,0,0,0,0,0,0,0,0,0,1,0,0,0,0,1College of Business Administration,BSBA,JEMK,Marketing (Raikes progam only),0,0,0,0,0,0,0,0,0,0,0,0,0,1,0,0,0,0,1College of Business Administration,BSBA,JEME,Mngt - Entrepren & Innov (Raikes program only),0,0,0,0,0,0,0,0,0,0,0,0,0,1,0,0,0,0,1College of Business Administration,BSBA,JESC,Supply Chain Management (Raikes program only),0,0,0,0,0,0,0,0,0,0,0,0,0,1,0,0,0,0,1College of Business Administration,BSBA,JEFN,Finance (Raikes progam only),0,0,0,0,0,0,0,0,0,0,0,0,2,2,0,0,0,0,4College of Business Administration,BSBA,FINB,Finance - Banking & Fin Inst,0,1,0,0,0,1,0,1,0,0,0,0,7,2,0,0,0,0,12College of Business Administration,BSBA,MNLO,Mngt - Ldrship in Organizations,0,0,0,0,0,0,0,0,0,0,0,0,7,2,0,0,0,0,9College of Business Administration,BSBA,FINC,Finance (Banking & Risk Mngt),1,2,0,0,0,0,0,0,0,0,0,0,6,3,0,0,0,0,12College of Business Administration,BSBA,BABUS,Agribusiness,1,1,0,1,0,0,0,0,0,0,0,0,19,9,0,0,0,0,31College of Business Administration,BSBA,JEEC,Economics (Raikes progam only),0,0,0,0,0,0,0,0,0,0,0,0,2,0,0,0,0,0,2College of Education and Human Sciences,BSEH,NEHS,"NUTR-(Nutrition, Exercise & Health Science)",5,1,12,8,0,0,5,1,3,8,0,0,159,212,9,4,1,1,429College of Education and Human Sciences,NDEG,P065,Pre Special Education 7-12,0,0,0,0,0,0,0,1,0,0,0,0,9,12,1,1,0,1,25College of Education and Human Sciences,NDEG,P064,Pre Elem Ed & Special Ed K-6,0,2,2,1,0,0,0,2,0,1,0,0,7,74,2,1,0,1,93College of Education and Human Sciences,BSEH,SPM7,Elem Educ & Special Educ K-6,0,1,0,2,0,0,0,1,0,1,0,0,5,82,0,1,0,1,94College of Education and Human Sciences,BSEH,ATHT,Athletic Training,0,0,5,3,0,0,0,2,0,1,0,0,45,58,4,2,0,1,121College of Education and Human Sciences,NDEG,P066,Pre English Language Arts,0,0,0,3,0,0,0,0,0,0,0,0,9,19,0,2,0,1,34College of Education and Human Sciences,BSEH,TDES,TMFD-(Textile and Apparel Design),0,3,0,3,0,0,1,1,0,3,0,0,1,32,0,2,0,1,47College of Education and Human Sciences,NDEG,P011,Pre Elem Educ Early Child Educ,0,1,0,2,0,1,0,0,0,2,0,0,2,40,0,3,0,1,52College of Education and Human Sciences,BSEH,DIET,NUTR-(Dietetics),0,8,4,6,0,0,0,3,0,1,0,0,12,98,0,4,0,1,137College of Education and Human Sciences,BSEH,TMER,TMFD-(Merchandising),0,2,1,7,0,0,0,1,0,0,0,0,1,61,1,5,0,1,80College of Education and Human Sciences,NDEG,P046,Pre Speech-Language Pathology,0,2,0,7,0,0,0,1,0,1,0,0,8,82,1,5,0,1,108College of Education and Human Sciences,NDEG,P009,Pre Elementary Education,0,2,1,12,0,0,0,1,0,4,0,0,31,166,2,5,0,1,225College of Education and Human Sciences,BSEH,NTRS,NUTR-(Nutritional Science),0,3,4,5,0,0,5,4,2,2,0,0,42,77,3,6,0,1,154College of Education and Human Sciences,BSEH,EENGL,English,0,0,0,0,0,0,0,0,0,0,0,0,2,5,0,0,0,1,8College of Education and Human Sciences,BSEH,CYFA,CYAF-(Family Science),2,5,5,19,0,0,0,5,6,19,0,0,19,192,2,10,2,2,288College of Education and Human Sciences,BSEH,ELED,Elementary Education,0,0,1,6,0,1,0,2,1,1,0,0,30,160,0,4,0,3,209College of Education and Human Sciences,BAHR,HRTM,"Hospit, Rest & Tour Mngt",3,8,1,3,0,0,0,1,0,6,0,0,23,118,0,5,0,3,171College of Education and Human Sciences,NDEG,P041,Pre Social Science,0,0,3,1,0,0,1,0,1,1,0,0,71,31,2,1,1,0,113College of Education and Human Sciences,BSEH,SSCI,Social Science,0,0,2,0,0,0,0,0,0,0,0,0,15,8,0,0,1,0,26College of Education and Human Sciences,NDEG,P030,Pre Mathematics,0,0,1,2,0,0,1,1,0,0,0,0,24,23,0,1,2,0,55College of Education and Human Sciences,NDEG,P067,Pre Secondary English 7-12,1,1,0,4,0,0,0,1,0,1,0,0,7,20,1,1,0,0,37College of Education and Human Sciences,NDEG,P062,Pre Science 7-12,0,0,0,0,0,0,0,0,0,0,0,0,13,7,2,1,0,0,23College of Education and Human Sciences,NDEG,P042,Pre Spanish,0,0,0,3,0,0,0,0,0,0,0,0,1,11,0,1,0,0,16College of Education and Human Sciences,BSEH,CYEC,CYAF-(Inclusive Early Childhood Education),0,0,0,1,0,0,0,0,0,0,0,0,0,30,0,1,0,0,32College of Education and Human Sciences,BSEH,TCOM,"TMFD-(Textiles, Merch & Fash Des/Communications)",0,0,0,0,0,0,0,0,0,2,0,0,3,23,1,0,0,0,29College of Education and Human Sciences,NDEG,P017,Pre French,0,0,0,0,0,0,0,0,0,0,0,0,0,0,1,0,0,0,1College of Education and Human Sciences,NDEG,UNDL,Undeclared - Undergraduate,0,0,0,0,0,0,0,0,1,0,0,0,1,1,0,0,0,0,3College of Education and Human Sciences,BSEH,CYCD,CYAF-(Child Dev/Early Childhood Ed),0,0,0,0,0,0,0,1,0,0,0,0,0,1,0,0,0,0,2College of Education and Human Sciences,BSEH,ESPAN,Spanish,0,0,0,2,0,0,0,0,0,0,0,0,0,1,0,0,0,0,3College of Education and Human Sciences,BSEH,CYAF,"Child, Youth & Family Studies",0,0,0,0,0,0,0,0,0,0,0,0,0,1,0,0,0,0,1College of Education and Human Sciences,BSEH,CYCE,CYAF-(Early Childhood in a Mobile Society),0,0,0,0,0,0,0,0,0,0,0,0,0,1,0,0,0,0,1College of Education and Human Sciences,NDEG,P002,Pre Biology,0,0,0,0,0,0,0,0,0,0,0,0,0,1,0,0,0,0,1College of Education and Human Sciences,NDEG,P040,Pre Russian,0,0,0,0,0,0,0,0,0,0,0,0,0,1,0,0,0,0,1College of Education and Human Sciences,BSEH,CYFJ,CYAF-(Family & Cons Sci/JMC),0,0,1,0,0,0,0,0,0,0,0,0,1,2,0,0,0,0,4College of Education and Human Sciences,BSEH,CHLT,Nutrition & Health Sciences,0,0,0,0,0,0,0,0,0,0,0,0,1,2,0,0,0,0,3College of Education and Human Sciences,NDEG,P004,Pre Chemistry,0,0,0,0,0,0,0,0,0,0,0,0,1,2,0,0,0,0,3College of Education and Human Sciences,BSEH,BIOL,Biology,0,0,0,0,0,0,0,0,0,0,0,0,2,2,0,0,0,0,4College of Education and Human Sciences,BSEH,BMIT,"Business, Marketing & IT",0,0,0,0,0,0,0,0,0,0,0,0,4,2,0,0,0,0,6College of Education and Human Sciences,BSEH,EFREN,French,0,0,0,0,0,0,0,0,0,0,0,0,0,2,0,0,0,0,2College of Education and Human Sciences,BSEH,TSCI,TMFD-(Textile Science),0,0,0,0,0,0,0,0,0,0,0,0,0,2,0,0,0,0,2College of Education and Human Sciences,BSEH,SCIE,Science 7-12,0,0,0,0,0,0,0,0,0,0,0,0,1,3,0,0,0,0,4College of Education and Human Sciences,NDEG,P020,Pre German,0,0,0,0,0,0,0,0,0,0,0,0,1,3,0,0,0,0,4College of Education and Human Sciences,NDEG,P061,"Pre Business, Marketing & IT",0,0,1,0,0,0,0,0,0,0,0,0,8,3,0,0,0,0,12College of Education and Human Sciences,BHRT,HRTM,"Hospit, Rest & Tour Mngt",1,1,1,1,0,0,0,0,1,0,0,0,1,4,0,0,0,0,10College of Education and Human Sciences,BSEH,SPM8,Special Education 7-12,0,0,0,1,0,0,0,0,0,0,0,0,4,4,0,0,0,0,9College of Education and Human Sciences,BSEH,SENG,Secondary English Grades 7-12,0,0,0,1,0,0,0,0,0,0,0,0,4,7,0,0,0,0,12College of Education and Human Sciences,BSEH,CULS,NUTR-(Culinology),0,1,0,0,0,0,0,0,1,0,0,0,1,8,0,0,0,0,11College of Education and Human Sciences,AUD,AUHS,Audiology and Hearing Science,0,0,0,0,0,1,0,0,0,0,0,0,3,9,0,0,0,0,13College of Education and Human Sciences,BSEH,CYFC,CYAF-(Fam & Consumer Sci Ed),0,0,0,0,0,0,0,0,0,0,0,0,0,9,0,0,0,0,9College of Education and Human Sciences,BSEH,EMATH,Mathematics,0,0,0,0,0,0,0,0,0,1,0,0,5,11,0,0,0,0,17College of Education and Human Sciences,BSEH,ELAT,English Language Arts,0,0,0,1,0,0,0,0,0,0,0,0,5,15,0,0,0,0,21College of Education and Human Sciences,NDEG,EPPT,Pre-Physical Therapy,1,0,0,1,0,0,0,0,2,0,0,0,12,18,0,0,0,0,34College of Education and Human Sciences,NDEG,P056,Pre Family & Consumer Sci Educ,0,0,0,1,0,0,0,0,2,2,0,0,2,24,0,0,0,0,31College of Education and Human Sciences,NDEG,P050,Pre Inclusive Early Child Ed,0,0,0,2,0,0,0,1,0,1,0,0,0,31,0,0,0,0,35College of Education and Human Sciences,BSEH,ECED,Elem Educ & Early Child Educ,0,0,0,0,0,0,0,0,0,0,0,0,0,33,0,0,0,0,33College of Education and Human Sciences,BSEH,SPLP,Speech-Language Pathologist,0,0,0,0,0,0,0,0,0,1,0,0,0,62,0,0,0,0,63College of Education and Human Sciences,NDEG,P063,Pre Earth & Space Science 7-12,0,0,1,0,0,0,0,0,0,0,0,0,1,0,0,0,0,0,2College of Education and Human Sciences,BSEH,EGERM,German,0,0,0,0,0,0,0,0,0,0,0,0,1,0,0,0,0,0,1College of Engineering,BSSE,SOFT,Software Engineering,1,1,1,0,0,0,1,0,0,0,0,0,29,3,1,0,1,1,39College of Engineering,BSAR,AE,Architectural Engr (Omaha),14,14,5,1,0,0,0,0,2,1,0,0,82,35,2,1,2,1,160College of Engineering,BSCE,CIVE,Civil Engineering,34,7,13,2,0,1,4,3,3,2,0,0,160,35,5,0,2,1,272College of Engineering,BSCH,CHME,Chemical Engineering,37,11,4,5,0,0,11,5,4,0,0,0,143,63,4,2,3,1,293College of Engineering,BSCP,CENG,Computer Engineering (Omaha),1,0,2,0,0,0,2,2,2,2,0,0,70,7,2,0,4,1,95College of Engineering,BSCE,CIVE,Civil Engineering (Omaha),5,4,11,1,0,1,4,3,14,0,0,0,143,28,6,1,6,1,228College of Engineering,BSBS,BSE,Biological Systems Engineering,4,4,6,4,0,0,5,4,3,4,0,0,100,97,3,3,2,2,241College of Engineering,BSEE,ELEC,Electrical Engineering (Omaha),4,0,8,0,0,0,1,0,8,0,0,0,27,4,2,0,3,2,59College of Engineering,BSME,MECH,Mechanical Engineering,60,5,33,4,0,0,14,3,6,1,0,0,495,40,16,1,8,2,688College of Engineering,BSCM,CNST,Construction Management,9,0,8,0,0,0,1,0,4,0,0,0,148,5,2,1,1,0,179College of Engineering,BSEE,ELEC,Electrical Engineering,46,10,9,1,0,0,4,4,8,1,0,0,125,12,4,1,1,0,226College of Engineering,NDEG,PENG,Pre-Engineering (Omaha),0,0,3,0,0,0,1,0,2,0,0,0,25,1,0,0,1,0,33College of Engineering,NDEG,MENG,Pre-Mechanical Engr (Omaha),2,0,1,0,0,0,0,1,0,0,0,0,36,0,0,0,1,0,41College of Engineering,BSAE,AENG,Agricultural Engineering,2,0,1,0,0,0,0,0,0,0,0,0,50,4,1,1,2,0,61College of Engineering,BSEL,EENG,Electronics Engr (Omaha),6,0,4,0,0,0,0,0,3,0,1,0,38,2,1,0,2,0,57College of Engineering,BSCM,CNST,Construction Managemnt (Omaha),1,1,4,2,0,0,0,0,4,0,0,0,68,6,2,0,3,0,91College of Engineering,BSCP,CENG,Computer Engineering,18,5,6,0,0,0,13,2,0,1,0,0,135,7,5,0,4,0,196College of Engineering,NDEG,UND,Undeclared Engineering (Omaha),0,0,0,0,0,0,0,0,0,0,0,0,16,2,1,1,0,0,20College of Engineering,NDEG,UNDL,Undeclared - Undergraduate,1,0,1,0,0,0,0,0,0,0,0,0,15,6,0,1,0,0,24College of Engineering,BSCN,CONE,Construction Engineering,4,0,0,0,0,0,2,0,0,0,0,0,19,3,1,0,0,0,29College of Engineering,BSCN,CONE,Construction Engr (Omaha),2,1,3,0,0,0,1,0,2,1,0,0,13,1,0,0,0,0,24College of Engineering,NDEG,ELEC,Pre-Electrical Engr (Omaha),0,0,0,0,0,0,0,0,0,0,0,0,2,0,0,0,0,0,2College of Engineering,NDEG,PBSE,Pre-Biologcl Systm Eng (Omaha),0,0,0,0,0,0,0,1,0,0,0,0,7,0,0,0,0,0,8College of Fine and Performing Arts,BMED,MUED,Music Education,0,1,4,5,0,0,0,0,2,0,0,0,51,52,1,1,1,1,119College of Fine and Performing Arts,BFA,ART,Art,4,4,7,13,0,0,6,6,4,4,0,0,41,104,5,6,0,1,205College of Fine and Performing Arts,BM,MUSC,Music,1,0,2,3,0,0,0,0,0,1,0,0,31,23,3,1,2,2,69College of Fine and Performing Arts,BA,ART,Art,1,1,2,4,0,0,0,7,0,1,0,0,15,51,0,3,0,3,88College of Fine and Performing Arts,BA,TPER,THEA-(Performance),0,0,2,2,0,0,0,1,1,2,0,0,16,11,0,5,3,0,43College of Fine and Performing Arts,BA,MUSC,Music,0,1,2,0,0,0,0,0,1,0,0,0,20,21,2,2,0,0,49College of Fine and Performing Arts,BFA,TTDE,THEA-(Design/Technical Production),0,1,1,1,0,0,0,0,0,0,0,0,7,9,0,2,0,0,21College of Fine and Performing Arts,BA,AHCR,Art History and Criticism,0,0,0,2,0,0,0,0,0,1,0,0,2,9,1,0,0,0,15College of Fine and Performing Arts,BA,TDMT,THEA-(Directing & Management),0,0,0,0,0,0,0,0,0,0,0,0,1,9,0,0,0,0,10College of Fine and Performing Arts,BA,DANC,Dance,0,0,0,4,0,0,0,0,1,0,0,0,2,14,0,0,0,0,21College of Fine and Performing Arts,BFA,TFNM,THEA-(Film and New Media),0,0,1,1,0,0,0,0,1,0,0,0,23,17,0,0,0,0,43College of Journalism & Mass Comm,BJ,BRDC,Broadcasting,2,4,5,11,0,0,4,0,5,9,0,0,100,51,8,0,2,1,202College of Journalism & Mass Comm,BJ,JOUR,Journalism,0,4,5,5,0,0,0,3,4,5,0,0,80,114,0,9,0,1,230College of Journalism & Mass Comm,BJ,ADPR,Advertising & Public Relations,10,16,7,27,2,0,5,8,9,8,0,0,163,330,8,11,6,7,617College of Law,LLM,SCTL,"Space, Cyber & Telecom Law",0,1,0,0,0,0,0,0,0,0,0,0,4,1,1,0,1,1,9College of Law,JD,LAW,Law,0,2,7,6,1,0,4,2,2,2,0,0,149,147,5,1,4,2,334College of Law,LLM,USLS,U S Legal Studies,0,1,0,0,0,0,0,0,0,0,0,0,0,0,0,0,0,0,1Explore Center Undergraduate,NDEG,PHLT,Pre-Health,1,2,12,55,1,1,13,17,5,19,1,0,99,461,7,29,0,6,729Explore Center Undergraduate,NDEG,UNDL,Undeclared - Undergraduate,66,35,53,43,1,2,13,14,33,17,2,0,441,422,27,22,9,7,"1,207"Explore Center Undergraduate,NDEG,PENG,Pre-Engineering,6,1,14,1,0,0,2,1,3,0,0,0,51,4,5,2,1,0,91Explore Center Undergraduate,NDEG,PLAW,Pre-Law,0,0,5,6,0,1,0,2,1,4,0,0,18,11,0,2,0,0,50Explore Center Undergraduate,NDEG,INTT,Credit IEP Program,56,43,0,1,0,0,0,0,0,0,0,0,0,1,0,0,0,0,101Visitors,NDEG,VSTG,Visiting,0,2,3,2,0,0,5,2,6,3,0,0,96,127,3,4,1,5,259Visitors,NDEG,OUG,Intercampus - UNO Undergrad,0,0,0,0,0,0,0,0,1,0,0,0,2,1,0,0,0,0,4